11メートル上	11 Metres Up	11 метров вверх
11メートル下	11 Metres Down	11 метров вниз
１１めーとる	11 Metres	11 метров
baria-	Barrier	Барьер
いけー	Go!	Вперёд!
いっけー	Go for it!	Вперё-ёд!
うちあげ	Launch	Подброс
打ち上げ	Launch	Подброс
うちおろし	Downward Strike	Удар сверху
おっきい	Big!	Большо-ой!
おとうさん	Daddy	Папа
かけっこ	Footrace	Наперегонки
くびながい	Long Neck	Длинная шея
ぜんだんはっしゃ	Fire Everything!	Огонь из всех орудий!
とびクロウ	Flying Claw	Прыжок с когтями
とび	Jump Attack	Удар в прыжке
ねこゆう	Nekoyuu	Нэкою
ねこ座薬	Cat Suppository	Кошачья свечка
ねこ	Cat	Кошка
ネコ	Cat	Кошка
のろい	Curse	Проклятие
呪い	Curse	Проклятие
ふっとばし	Send Flying	Отбросить
ぶらさがり	Hanging On	Повиснуть
まっする	Muscle	Мускул
マッスル	Muscle	Мускул
みずかけ	Water Splash	Облить водой
水掛	Water Splash	Облить водой
みずっみず！	Water! Water!	Вода! Вода!
むにゅーん	Squeeeze	Мня-я-ять
もみもみ	Squeeze Squeeze	Потискать
アルマーの刃	Arma's Blade	Клинок Армы
アルマー	Arma	Арма
アンナ転生	Anna Reborn	Перерождение Анны
ウィップ	Whip	Хлыст
エールストライク	Air Strike	Воздушный удар
エール	Air	Воздух
キメラ	Chimera	Химера
キャッツ	Cats	Кошки
キャンセラー	Canceller	Отмена
クラフ子	Krafuko	Крафуко
クロウラッシュ	Claw Rush	Шквал когтей
ジェームス	James	Джеймс
ジルベリット	Gilberit	Гильберит
ストップ	Stop	Стоп
スナイプ	Snipe	Прицельный выстрел
セット	Set	Установка
ゼロ距離	Point Blank	В упор
ダッシュ	Dash	Рывок
ハウンド	Hound	Гончая
ハープーン直撃	Direct Harpoon Hit	Прямое попадание гарпуна
バリアー	Barrier	Барьер
パパたすけて	Papa, Help!	Папа, помоги!
パルスブレイカー	Pulse Breaker	Разрушитель импульса
ヒロミ	Hiromi	Хироми
ビーム1	Beam 1	Луч 1
ブラスター	Blaster	Бластер
ヘリお年	Helicopter Takedown	Сбить вертолёт
ヘルプ兄	Big Brother, Help!	Брат, помоги!
ボルボックス	Volvox	Вольвокс
ポッキー	Pocky	Покки
ポッキー連打	Pocky Barrage	Шквал «Покки»
リミッター解除	Limiter Release	Снять ограничитель
ロケット	Rocket	Ракета
一斉パンチ	Punch Barrage	Шквал кулаков
中	Medium Attack	Средний удар
中攻撃	Medium Attack	Средний удар
兄ラッシュ	Big Brother Rush	Натиск старшего брата
前段繚乱	Zendan Ryouran	Дзэндан рёран
坂東	Bando	Бандо
弱坂東	Bando (Light)	Бандо (слабый)
変身	Transformation	Превращение
大	Heavy Attack	Сильный удар
家族の絆	Family Bonds	Семейные узы
対空	Anti-Air	Противовоздушный удар
展開	Deploy	Развернуть
弟	Little Brother	Младший брат
弱	Light Attack	Слабый удар
弱攻撃	Light Attack	Слабый удар
強	Heavy Attack	Сильный удар
強攻撃	Heavy Attack	Сильный удар
怪獣さん	Mr. Monster	Господин монстр
怪獣対地	Monster: Ground Attack	Монстр: наземная атака
怪獣対空	Monster: Anti-Air	Монстр: атака в воздухе
斉藤さん	Mr. Saito	Господин Сайто
爆砕剣	Explosive Blade	Взрывной клинок
特攻	Charge	Таран
百列	Hundred Strikes	Сотня ударов
磯部くん	Isobe	Исобэ
祖母ラッシュ	Grandmother Rush	Натиск бабушки
立ち	Standing Attack	Удар стоя
紅葉ラッシュ	Momiji Rush	Натиск Момидзи
自爆特攻	Self-Destruct Charge	Подрыв с разбега
裏発動	Hidden Activation	Скрытая активация
覚醒	Awakening	Пробуждение
覚醒ベクター	Awakened Vectors	Пробуждённые векторы
車椅子	Wheelchair	Инвалидное кресло
連射	Rapid Fire	Очередь
闇の心	Heart of Darkness	Сердце тьмы
隊長	Captain	Командир
首飛ばし	Head Toss	Бросок головы
高浴	Koyoku	Коёку
魔空覇王剣	Demon Sky King's Blade	Клинок владыки демонических небес
