0060	2	ビクッ	Startle!	Вздрагивает!
0060	3	ふー。	Phew...	Фух...
0060	4	ゆめか。	A dream...	Всего лишь сон...
0060	5	夢オチかよ	So it was all a dream?!	Так это был всего лишь сон?!
0062	3	ルーシー以外は殺しちゃってもいいんだよね？	I can kill anyone except Lucy, right?	Всех, кроме Люси, можно убивать, да?
0062	4	ふふふふ・・・	Heh heh heh...	Хи-хи-хи...
0066	1	さあ、どこいこっか・・\n私の行くところなんてないかもしれないけど・・それでも\n・・・それでも探そうね！！\nきっと・・みつかるよね・・\nきっと・・・	Well, where shall we go...?\nMaybe there's nowhere for me to go... Even so...\nEven so, let's keep looking!\nI'm sure we'll find somewhere...\nI'm sure we will...	Ну что, куда пойдём?..\nМожет, мне и некуда идти... И всё же...\nИ всё же давай искать!\nМы ведь обязательно найдём такое место?..\nОбязательно...
0068	5	ナナ・・待たせたな・・	Nana... I've kept you waiting...	Нана... Заставил я тебя ждать...
0068	6	パパ・・パパぁ・・\nパパぁ！！パパぁ！！	Papa... Papa...\nPapa! Papa!	Папа... Папочка...\nПапочка! Папочка!
0068	7	ナナの命はパパのために使うって\nずっと前から決めてるから・・\nナナはパパとずっと一緒にいるよ・・\nこの先なにがあっても・・ずっと・・	I decided long ago that my life would be for you, Papa...\nI'll always be with you...\nWhatever happens from now on... Always...	Я давно решила, что буду жить ради тебя, папа...\nЯ всегда буду рядом...\nЧто бы ни случилось... Всегда...
0070	3	ここはどこ？\nなんだろう、なつかしい・・・	Where am I?\nWhy does this feel so familiar...?	Где я?\nПочему здесь всё такое знакомое?..
0070	4	あなたは誰？この感じ・・\n同族だから？それとも・・	Who are you? This feeling...\nIs it because we're the same kind? Or...?	Кто ты? Это чувство...\nПотому что мы одного рода? Или?..
0070	6	「許されざる未来」	An Unforgiven Future	Непрощённое будущее
0070	8	どうして・・・\n仲良くできないんですか？	Why...?\nWhy can't we get along?	Почему?..\nПочему мы не можем жить дружно?
0072	0	CAN YOU SURVIVE?	CAN YOU SURVIVE?	ТЫ СМОЖЕШЬ ВЫЖИТЬ?
0072	5	もう首しか残っていないぞ	Only your head is left now.	От тебя осталась только голова.
0072	12	お前もその手紙を守ってくれ	You too... Keep that letter safe.	И ты тоже... Сбереги это письмо.
0072	15	Ver. SURVIVE	Ver. SURVIVE	Версия SURVIVE
0072	18	エルフェンファイト G2\nSTORY / VS	ELFEN FIGHT G2\nSTORY / VS	ELFEN FIGHT G2\nСЮЖЕТ / VS
0072	23	エルフェンファイト G2	ELFEN FIGHT G2	ELFEN FIGHT G2
0074	11	エルフェンファイト G2\nSTORY / VS	ELFEN FIGHT G2\nSTORY / VS	ELFEN FIGHT G2\nСЮЖЕТ / VS
0076	3	お父様・・アンナは\nアンナはお父様に従います	Father... Anna will...\nAnna will obey you, Father.	Отец... Анна...\nАнна будет слушаться тебя, отец.
0076	4	「テノヒラ」	In the Palm of a Hand	На ладони
0078	1	明日への希望	Hope for Tomorrow	Надежда на завтра
0086	0	コンティニュー\nする\nしない	CONTINUE?\nYes\nNo	ПРОДОЛЖИТЬ?\nДа\nНет
0088	3	にゅう！ にゅう！\nもみもみする！もみもみ！	Nyu! Nyu!\nSqueeze, squeeze! Squeeze!	Ню! Ню!\nБуду тискать! Тискать!
0088	4	にゅうもむのみんなもむの	Nyu will squeeze! Squeeze everyone!	Ню будет тискать! Всех тискать!
0088	6	「捜しものはなんですか？」	What Are You Looking For?	Что ты ищешь?
0092	1	そして・・・\n「未来」へ・・・・	And then...\nInto the future...	И затем...\nНавстречу будущему...
0092	3	ふーさわやかな朝だぜ・・\n何言ってんだコラ・・\n誰かさんの真似ですよ。\nうふふふ\n彼女達がただひとつ望んだもの・・・\nそれはかけがえのなくそして儚い物\n妖精の歌は二人を包み奏で続ける・・・	"Ahh, what a fine morning..."\n"What the hell are you on about...?"\n"Just imitating a certain someone. Hee hee."\nThe one thing they wished for...\nSomething irreplaceable, yet so fleeting.\nThe elves' song enfolds the two of them and plays on...	«Фух, ну и славное утречко...»\n«Ты чего несёшь, а?..»\n«Кое-кого передразниваю. Хи-хи».\nЕдинственное, чего они желали...\nНечто незаменимое и такое хрупкое.\nЭльфийская песнь окутывает их обоих и продолжает звучать...
0092	4	ふーさわやかな朝だぜ・・\n何言ってんだコラ・・\n誰かさんの真似ですよ。\nうふふふ	"Ahh, what a fine morning..."\n"What the hell are you on about...?"\n"Just imitating a certain someone. Hee hee."	«Фух, ну и славное утречко...»\n«Ты чего несёшь, а?..»\n«Кое-кого передразниваю. Хи-хи».
0092	5	彼女達がただひとつ望んだもの・・・\nそれはかけがえのなくそして儚い物\n妖精の歌は二人を包み奏で続ける・・・	The one thing they wished for...\nSomething irreplaceable, yet so fleeting.\nThe elves' song enfolds the two of them and plays on...	Единственное, чего они желали...\nНечто незаменимое и такое хрупкое.\nЭльфийская песнь окутывает их обоих и продолжает звучать...
0094	3	ケンカしちゃダメ！	No fighting!	Не надо драться!
0094	4	悪いことする人には\nバチがあたりますよ。	People who do bad things\nget punished, you know.	Тех, кто поступает плохо,\nждёт наказание.
0094	5	ね、坂東さん♪	Isn't that right, Mr. Bando? ♪	Правда, господин Бандо? ♪
0094	7	「Boy meets Girl」	Boy Meets Girl	Мальчик встречает девочку
0096	5	ちょっといいですか？\n人を探しているんですが	Excuse me...\nI'm looking for someone.	Можно вас на минутку?\nЯ кое-кого ищу.
0096	6	みゅう！みゅう！	Myu! Myu!	Мю! Мю!
0096	8	「記憶の風景」	A Landscape of Memories	Пейзаж воспоминаний
0098	3	私はユウシュウじゃない\n私はデキソコナイ・・・	I'm not gifted.\nI'm a failure...	Я не одарённая.\nЯ неудавшаяся...
0098	4	でもアンナは・・\nアンナは・・	But Anna...\nAnna...	Но Анна...\nАнна...
0098	5	アンナはそれでも\nお父様が・・大好きです	Even so, Anna...\nAnna loves you, Father.	И всё же Анна...\nАнна очень любит тебя, отец.
0098	6	永劫ともいえる時の中で少女は歌う\n悲しき定めと知りつつも少女は唄う\nそれは妖精の歌・・\n少女の旋律はどこへ向かうのか・・・	Through an age that could be called eternity, the girl sings.\nKnowing her sorrowful fate, she still sings.\nIt is the elves' song...\nWhere will her melody lead...?	Среди времён, что кажутся вечностью, девочка поёт.\nЗная свою печальную участь, она всё же поёт.\nЭто эльфийская песнь...\nКуда же приведёт её мелодия?..
0102	4	少女は今、平穏な日常の中にいる\nそれはいつまで続くかはわからない\nだが、それはかつてもう一人の自分が\n望んだ未来・・・\n妖精の歌は未来への道標。\n奏でる未来はその詠い人のみぞ知る・・	The girl now lives a peaceful, ordinary life.\nNo one knows how long it will last.\nYet this is the future her other self once wished for...\nThe elves' song is a guide to the future.\nOnly its singer knows what future it will bring...	Теперь девочка живёт тихой, обычной жизнью.\nНикто не знает, долго ли это продлится.\nНо именно такого будущего когда-то желала другая её половина...\nЭльфийская песнь указывает путь в будущее.\nКаким оно станет — знает лишь та, что поёт...
0112	3	ディクロニウス？ははっ\n一緒にしないでくれる？	A Diclonius? Ha!\nDon't lump me in with them.	Диклониус? Ха!\nНе равняй меня с ними.
0112	4	私は狩るもの。そして\n・・・生き残るもの・・	I am the hunter.\nAnd... the survivor...	Я — та, что охотится.\nИ... та, что выживает...
0112	6	「LOST NUMBER」	LOST NUMBER	ПОТЕРЯННЫЙ НОМЕР
0118	3	お前達は私が守ってやる	I'll protect you all.	Я вас всех защищу.
0118	4	私にも守るものが\nできたからな・・・・	Now I have something\nworth protecting, too...	Ведь теперь и у меня\nесть что защищать...
0118	6	「こわれた天使」	Broken Angel	Сломленный ангел
0124	0	えへへへへ♪	Hee\nhee\nhee\nhee ♪	Хи\nхи\nхи\nхи ♪
0124	1	お父さん・・私も・・\n私もお父さんを愛してる！	Daddy... I do, too...\nI love you too, Daddy!	Папа... Я тоже...\nЯ тоже люблю тебя, папа!
0124	2	おとーさん・・	Daddy...	Па-апа...
0124	3	おとーさん！	Daddy!	Папа!
0124	5	そして・・・\n「未来」へ・・・・	And then...\nInto the future...	И затем...\nНавстречу будущему...
0124	7	お父さん\n愛してる	Daddy...\nI love you.	Папа...\nЯ люблю тебя.
0130	3	誰？ 私とパパの邪魔を\nするのは・・・	Who is it...?\nWho's getting between Papa and me...?	Кто?..\nКто мешает нам с папой?..
0130	4	誰にも邪魔はさせない\n邪魔させないから・・	I won't let anyone interfere.\nI won't let them...	Никому не позволю нам помешать.\nНе позволю...
0130	5	「記憶と銃声」	Memories and Gunshots	Память и выстрелы
0132	1	こんなに痛いのに、、、\nこんなに辛いのに、、、なぜ、、、\nなぜ、、、うれしいのかな、、、\nへ、、、へへへ、、、たのしい、、\nたのしいよお、、、血、、、\n血は、、、嫌い、、、\nだけど、、、綺麗な色、、、へへへ	It hurts so much...\nIt's so unbearable... So why...?\nWhy am I happy...?\nHeh... Heh heh... This is fun...\nSo much fun... Blood...\nI hate... blood...\nBut... such a beautiful colour... Heh heh...	Так больно...\nТак тяжело... Почему?..\nПочему же мне так радостно?..\nХе... Хе-хе... Весело...\nКак же весело... Кровь...\nЯ не люблю... кровь...\nНо... какой красивый цвет... Хе-хе...
0146	3	みゅう！みゅう！	Myu! Myu!	Мю! Мю!
0146	4	こんなことで今までの罪を償えるとは\n思わない・・せめて・・・\n・・・ごめんな・・・	I don't think this can atone for everything I've done...\nBut at least...\n...Forgive me...	Не думаю, что этим можно искупить всё, что я натворил...\nНо хотя бы...\n...Простите меня...
0178	3	お前のまわりの人間を\n皆殺しにしてやる・・	I'll kill every human\naround you...	Я убью всех людей,\nкоторые тебя окружают...
0178	4	私はずっと・・さびしくて\nなのに・・・・	I've always been... so lonely.\nAnd yet...	Мне всегда было... так одиноко.\nИ всё же...
0178	6	「既に悲しき彼女のすべてについては語らぬために」	Lest I Tell All of Her Sorrow	Чтобы не поведать всей её печали
0202	3	私は・・それでも私は\n人間と一緒に生きていく	I... Even so, I will\nlive alongside humans.	Я... И всё же я буду\nжить вместе с людьми.
0202	4	悲劇は加速する・・望もうと望むまいと\n奏でられる旋律はとどまることもなく。\n少女は歌う・・運命の彩り、永劫の道\nそう、それは妖精の歌・・・	Tragedy gathers speed... whether wished for or not.\nThe melody never ceases.\nThe girl sings... of fate's colours, of an eternal road.\nYes... it is the elves' song...	Трагедия набирает ход... Желанна она или нет.\nМелодия не смолкает.\nДевочка поёт... О красках судьбы, о вечном пути.\nДа... Это эльфийская песнь...
0222	0	製作 ねくぱっち\nhttp://www.ob2.aitai.ne.jp/~touhou/\n\nゲストキャラ設定\nミサキ・・・・ナナパパさん\nanesueizi factory\nhttp://www.geocities.jp/anesueizi/index.html\n\nロストナンバー・・・・背徳三昧\nねくぱっち	Created by Nekupatchi\nhttp://www.ob2.aitai.ne.jp/~touhou/\n\nGuest character concepts\nMisaki: Nanapapa\nanesueizi factory\nhttp://www.geocities.jp/anesueizi/index.html\n\nLost Number: Haitoku Zanmai\nNekupatchi	Автор: Некупатти\nhttp://www.ob2.aitai.ne.jp/~touhou/\n\nПриглашённые персонажи\nМисаки: Нанапапа\nanesueizi factory\nhttp://www.geocities.jp/anesueizi/index.html\n\nЛост Намбер: Хайтоку Дзаммай\nНекупатти
0116	0	にゅっ！	Nyu!	Ню!
0116	1	にゅっ！	Nyu!	Ню!
0116	14	Round 1	Round 1	Раунд 1
0116	15	Round 2	Round 2	Раунд 2
0116	16	Round 3	Round 3	Раунд 3
0116	17	Ready\nFight!	Ready\nFight!	Готовы?\nБой!
0116	18	K.O.!	K.O.!	Нокаут!
0116	21	Win!	Win!	Победа!
0116	22	Win!	Win!	Победа!
0116	23	Win!	Win!	Победа!
0116	24	Double K.O.!	Double\nK.O.!	Двойной\nнокаут!
0116	67	Lose	Lose	Поражение
0104	192	NANA	NANA	НАНА
0108	2	CLONE	CLONE	КЛОН
0110	235	MAYU	MAYU	МАЮ
0114	144	ANNA	ANNA	АННА
0122	256	NYUW	NYU	НЮ
0128	145	MARIKO	MARIKO	МАРИКО
0136	173	LOST-NUMBER	LOST-NUMBER	ЛОСТ НАМБЕР
0156	130	LO-LUCY	YOUNG LUCY	МАЛЕНЬКАЯ ЛЮСИ
0168	170	MISAKI	MISAKI	МИСАКИ
0170	185	LUCY	LUCY	ЛЮСИ
