10	206	0	1	206	0	206
10	206	1	1	0	206	0
10	206	0	200	206	0	206
10	206	1	200	205	1	205
10	206	50	200	155	51	155
10	206	100	200	103	103	103
10	206	199	200	2	204	2
10	206	200	200	0	206	0
10	206	0	400	206	0	206
10	206	1	400	206	0	206
10	206	100	400	155	51	155
10	206	200	400	103	103	103
10	206	399	400	1	205	1
10	206	400	400	0	206	0
11	206	0	1	0	0	0
11	206	1	1	0	206	0
11	206	0	200	0	0	0
11	206	1	200	0	1	0
11	206	50	200	0	51	0
11	206	100	200	0	103	0
11	206	199	200	0	204	0
11	206	200	200	0	206	0
11	206	0	400	0	0	0
11	206	1	400	0	0	0
11	206	100	400	0	51	0
11	206	200	400	0	103	0
11	206	399	400	0	205	0
11	206	400	400	0	206	0
20	118	0	1	118	0	118
20	118	1	1	0	118	0
20	118	0	200	118	0	118
20	118	1	200	118	0	118
20	118	50	200	89	29	89
20	118	100	200	59	59	59
20	118	199	200	1	117	1
20	118	200	200	0	118	0
20	118	0	400	118	0	118
20	118	1	400	118	0	118
20	118	100	400	89	29	89
20	118	200	400	59	59	59
20	118	399	400	1	117	1
20	118	400	400	0	118	0
21	118	0	1	0	0	0
21	118	1	1	0	118	0
21	118	0	200	0	0	0
21	118	1	200	0	0	0
21	118	50	200	0	29	0
21	118	100	200	0	59	0
21	118	199	200	0	117	0
21	118	200	200	0	118	0
21	118	0	400	0	0	0
21	118	1	400	0	0	0
21	118	100	400	0	29	0
21	118	200	400	0	59	0
21	118	399	400	0	117	0
21	118	400	400	0	118	0
