en	0060:2	38.0	1
ru	0060:2	32.5	1
en	0060:3	33.0	1
ru	0060:3	33.0	1
en	0060:4	31.0	1
ru	0060:4	31.0	3
en	0060:5	46.0	1
ru	0060:5	46.0	2
en	0062:3	32.0	2
ru	0062:3	32.0	2
en	0062:4	19.0	1
ru	0062:4	19.0	1
en	0066:1	32.0	6
ru	0066:1	32.0	7
en	0068:5	22.0	1
ru	0068:5	20.5	1
en	0068:6	32.0	2
ru	0068:6	31.5	2
en	0068:7	32.0	5
ru	0068:7	32.0	4
en	0070:3	24.0	3
ru	0070:3	24.0	3
en	0070:4	23.5	3
ru	0070:4	23.5	3
en	0070:6	46.0	1
ru	0070:6	46.0	2
en	0070:8	29.5	2
ru	0070:8	22.5	3
en	0072:0	25.0	1
ru	0072:0	25.0	1
en	0072:5	34.0	1
en	0072:5	33.0	1
ru	0072:5	34.5	1
ru	0072:5	33.0	1
en	0072:12	36.0	1
en	0072:12	37.0	1
ru	0072:12	36.0	2
ru	0072:12	37.0	1
en	0072:15	70.0	1
ru	0072:15	70.0	1
en	0072:18	48.0	2
en	0072:18	30.0	2
ru	0072:18	48.0	2
ru	0072:18	30.0	2
en	0072:23	291.5	1
ru	0072:23	291.5	1
en	0074:11	48.0	2
en	0074:11	30.0	2
ru	0074:11	48.0	2
ru	0074:11	30.0	2
en	0076:3	27.0	2
ru	0076:3	24.0	3
en	0076:4	46.0	1
ru	0076:4	46.0	1
en	0078:1	46.0	1
ru	0078:1	46.0	1
en	0086:0	49.0	1
ru	0086:0	49.0	1
en	0088:3	25.0	2
ru	0088:3	29.0	2
en	0088:4	19.5	1
ru	0088:4	21.0	1
en	0088:6	46.0	2
ru	0088:6	46.0	1
en	0092:1	52.0	2
ru	0092:1	52.0	3
en	0092:3	32.0	10
ru	0092:3	31.5	10
en	0092:4	28.5	6
ru	0092:4	30.0	5
en	0092:5	27.0	4
ru	0092:5	28.0	4
en	0094:3	22.0	1
ru	0094:3	22.0	1
en	0094:4	24.0	2
ru	0094:4	23.5	3
en	0094:5	15.5	1
ru	0094:5	15.0	1
en	0094:7	46.0	1
ru	0094:7	46.0	2
en	0096:5	29.0	2
ru	0096:5	29.0	2
en	0096:6	22.0	1
ru	0096:6	22.0	1
en	0096:8	46.0	2
ru	0096:8	46.0	1
en	0098:3	32.0	2
ru	0098:3	32.0	2
en	0098:4	32.0	2
ru	0098:4	32.0	2
en	0098:5	30.5	2
ru	0098:5	24.0	3
en	0098:6	28.5	6
ru	0098:6	28.5	6
en	0102:4	30.0	9
ru	0102:4	27.0	9
en	0112:3	25.0	2
ru	0112:3	28.5	2
en	0112:4	32.0	2
ru	0112:4	28.0	2
en	0112:6	46.0	1
ru	0112:6	46.0	1
en	0118:3	22.0	1
ru	0118:3	22.0	1
en	0118:4	27.5	2
ru	0118:4	27.5	2
en	0118:6	46.0	1
ru	0118:6	46.0	1
en	0124:0	36.0	5
ru	0124:0	44.0	5
en	0124:1	32.0	2
ru	0124:1	27.5	2
en	0124:2	50.0	1
ru	0124:2	50.0	1
en	0124:3	50.5	1
ru	0124:3	50.5	1
en	0124:5	52.0	2
ru	0124:5	52.0	3
en	0124:7	39.0	1
en	0124:7	31.0	1
ru	0124:7	39.0	1
ru	0124:7	31.0	1
en	0130:3	23.5	3
ru	0130:3	25.5	2
en	0130:4	23.5	2
ru	0130:4	23.5	3
en	0130:5	46.0	1
ru	0130:5	46.0	1
en	0132:1	32.0	8
ru	0132:1	32.0	8
en	0146:3	22.0	1
ru	0146:3	22.0	1
en	0146:4	30.0	4
ru	0146:4	30.0	4
en	0178:3	32.0	2
ru	0178:3	24.0	3
en	0178:4	25.5	2
ru	0178:4	24.0	3
en	0178:6	46.0	2
ru	0178:6	46.0	2
en	0202:3	30.5	2
ru	0202:3	28.5	2
en	0202:4	28.5	6
ru	0202:4	28.5	6
en	0222:0	26.0	10
ru	0222:0	26.0	10
en	0116:0	26.0	1
ru	0116:0	26.0	1
en	0116:1	26.0	1
ru	0116:1	26.0	1
en	0116:14	41.5	1
ru	0116:14	41.5	1
en	0116:15	42.0	1
ru	0116:15	42.0	1
en	0116:16	42.0	1
ru	0116:16	42.0	1
en	0116:17	83.0	2
ru	0116:17	64.0	2
en	0116:18	69.0	1
ru	0116:18	46.0	1
en	0116:21	41.5	1
ru	0116:21	30.0	1
en	0116:22	41.5	1
ru	0116:22	30.0	1
en	0116:23	41.5	1
ru	0116:23	30.0	1
en	0116:24	55.5	2
ru	0116:24	44.0	2
en	0116:67	44.0	1
ru	0116:67	20.5	1
en	0104:192	29.5	1
ru	0104:192	29.5	1
en	0108:2	29.5	1
ru	0108:2	29.5	1
en	0110:235	29.5	1
ru	0110:235	29.5	1
en	0114:144	30.5	1
ru	0114:144	30.5	1
en	0122:256	29.5	1
ru	0122:256	29.5	1
en	0128:145	29.5	1
ru	0128:145	29.5	1
en	0136:173	29.5	1
ru	0136:173	29.5	1
en	0156:130	29.5	1
ru	0156:130	22.0	1
en	0168:170	29.5	1
ru	0168:170	29.5	1
en	0170:185	29.5	1
ru	0170:185	29.5	1
