EFSI1	ca8052849d32e85a5b889931928072b66c740fe75d0e995bf1639d3873e93d39
.player	1	0122	a4bb1c0053c1ed103f796e4d5bd18c999fc1ee57ca62cdde55a4c8c4778f1332	にゅう.player
.player	2	0128	6138eea3061c63b41626fc4c5cb0776b1a1d35796d06c5072173c5a2a964fe86	マリコ.player
.player	3	0114	76f22506d313490e1a9c03b807c75e8de81314cdb6727b757900489aed492c3d	アンナ.player
.player	4	0110	1cca11eaf1885ac4f82c57dde79e4ea10b0acc980d630cefee00ebed1ea10210	マユ.player
.player	5	0156	32ee23c5b652ff7cc3856db6f3c1ec42994a596651f1223b2335560937a8d8a9	るーしー.player
.player	6	0108	b5b201dd9158efbacf3a4932ca68baa395d86f86205068f3c4e001bc8c4d4a7f	ダイアナ.player
.player	7	0170	fa6d47eb961061245e6c5972e1ab32063f12ec2dd5dfde5788f40ebf0226b1d7	ルーシー.player
.player	8	0168	cf4756c0f5f92f6c02c82d69d38712fe928380513aeeb125b26f49c5ad850062	ミサキ.player
.player	9	0136	183155fb040b92d51f6d46962f23462d600b0a36dbaeb7b69a1fc3e4c7475e4c	ロストナンバー.player
.player	10	0104	9367665b293bd5d549438082d22ff4b3b10904b77257937a5dae4791665c7d9a	ナナ裏.player
.player	11	0142	856adc56e4e0d7e819cdc2ddd6472aee070f7334b34ccef6604dfe07801093e4	クラフト.player
.player	12	0154	e9c1a367c0d3f58dc7e23eb71a27159096b0379e0c749056a16c03f5cca07d78	プレーヤー 1.player
.stage	1	0080	fbbc3c7cd4183484ef3bffcd70bd84face4b6eaca1e4d8f1c27fabc90b00ed64	ステージ 2.stage
.stage	2	0148	9796e0484ae6dadc0bfa78f5c75859ff38554fcad00a6e87b9282e865ce4c668	新ステージ.stage
.stage	3	0084	22547000ce2b954a7e82407168eeab10cfd652bb686858b5c9a9721f00be5192	香港.stage
.stage	4	0138	6cf0d747cfffe7d5473b7db4e7acc036db14ea6a98ac854aee5b76432a0413f0	ラウンジ.stage
.demo	1	0086	74fa318884a799db0c15dc49caf244bab02bb5834d4bfd98aef1ff9c7b13e6d5	こんてにゅー.demo
.demo	2	0124	710956011f06253ae4f409e11b39fb1968d46a17b6cc118d572cfb797ca8a3e4	マリコED.demo
.demo	3	0078	38a213f60cd5649041295bd7dfcd7eda1b50176e04c75e855835121d24deba7e	マリコ登場.demo
.demo	4	0060	f69895e4c884f068eef91d313c3263e9054b4253362daa3a4aba5fc5fa3814f1	デモるーしＥＤ.demo
.demo	5	0092	fc719e4b3c8aabe7b0766d6079e45226ba8ac659b2e1c0258593288300ef87f5	マユＥＤ.demo
.demo	6	0226	39e688f0f849c30ac9b8eefbbb30ef687b295b1038232566cb75eeaca03124c9	奴.demo
.demo	7	0074	c6d1bc70aa7d2d1d158c479db7ead04d53c5c00c8eb4f738fcbde6795079dd21	デモ 2.demo
.demo	8	0064	2f8ae9d3caa7b26378c589a678b896574cfe4ca3433d91e8524d9daaa343078d	キャラセレ.demo
.demo	9	0130	41b209aa5242e94ddebbd1ecd04e9a6a11309f630dcefcca39bafd8e26574b84	ナナＯＰ.demo
.demo	10	0068	816ea670b402a161c507f79bc2901a088c8925f9d6faeacc20e2683db56c0748	ナナＥＤ.demo
.demo	11	0076	cc0a223f5c04d3528a65a673b3fc51fc5ac4c50f94a03fb4e467b5e05334cc69	アンナＯＰ.demo
.demo	12	0098	eed04b9f7049624917327929642ff3cb13643454beb805b85b662e37db0cfcea	アンナED.demo
.demo	13	0096	3b8fde4fbf39047264daf6524d933857657bc175804336953044e14c30d60a1e	クローンＯＰ.demo
.demo	14	0146	109a1b7f3b2123d299d03c25af442ab7f1c6a8fae06de90157a6ced362b07f4b	クローンＥＤ.demo
.demo	15	0062	4c05816d41ed0d3a827d75fa7b5657a79be6f2db0747bf011f0b66860d0456d6	マリコＯＰ.demo
.demo	16	0178	b1f9e50285af899a715974edf9a38719962bab6f94d014ec70839a16ef7ef0b8	るーしーＯＰ.demo
.demo	17	0088	948bbd9a39a2727838c6944d5dadf459a71f2af97fd646736ee693e4f81370bb	にゅうＯＰ.demo
.demo	18	0102	dbe7c5099bc5572f01edd05c3ada671c1e332cd77c792de94517f141261a9cd2	にゅうED.demo
.demo	19	0094	50aae4863fb2ef35c278ff85f622a81293d3e88ee6719211f3cccf973c7eec23	マユＯＰ.demo
.demo	20	0118	b7b2c8797866964b2a7bcbb8db9103d85e4ad4579abf713563bec7b477994d67	ルーシーＯＰ.demo
.demo	21	0202	c983744567f4f4e14d0fb96de4047300e0bab16c616a9f44586b69de5108f8c7	ルーシーED.demo
.demo	22	0112	84f9b103a692440079ff53a7e91776cb7cc9e03d4d090172432661447d253fce	ロストＯＰ.demo
.demo	23	0070	e725a461a07d74f3407a1d01b8607ee7aa910e2772e3056f4357df30929cb52b	ミサキＯＰ.demo
.demo	24	0132	cf8f2285b62c57fe9a7dedc4cb8dc2f59265181ce08e596c58984b33437eeb84	ミサキＥＤ.demo
.demo	25	0072	a849fa7f0c3521821eaf4bc2ade5a4688aed320e92b7cb6a5c4f429b0811c764	デモ 1.demo
.demo	26	0222	3ef219b6d2cc5c9a664ca068d7b3a6f36bee81eaf84224d285a0cdd78b14f73c	クレ.demo
.demo	27	0066	bd2b660cf75281f89593c2908bddb31e5343c39799d8f5e84c5c775fe71675e8	ロストＥＤ.demo
